Time,Open,High,Low,Close,Volume,Market Cap
2020-04-10,0.8320050115,1.3134865957,0.6941868976,0.9510539576,87364276.1190757,0.0
2020-04-11,0.9510539576,1.0490727003,0.7650203561,0.776818583,43862443.7931816,0.0
2020-04-12,0.7854477142,0.956669837,0.7624262001,0.8825069283,38736897.0186422,0.0
2020-04-13,0.8907596124,0.8916027828,0.7739763066,0.777831565,18211285.4666889,0.0
2020-04-14,0.777831565,0.7964723569,0.62816943,0.6619248247,16747614.1218552,0.0
2020-04-15,0.6692891492,0.7049635486,0.6215314556,0.646650902,13075275.285934,0.0
2020-04-16,0.6308788161,0.7741922285,0.6251074125,0.6908158754,21346031.3456645,0.0
2020-04-17,0.6893124542,0.7196137824,0.6607279708,0.6607279708,9870810.00168021,0.0
2020-04-18,0.6607279708,0.7176182094,0.6594270873,0.6810963346,9782111.900077,0.0
2020-04-19,0.6815158845,0.6846413272,0.5984869932,0.6069691753,9289670.37817109,0.0
2020-04-20,0.6129475815,0.6392537157,0.5205778168,0.5388121296,8342616.4207554,0.0
2020-04-21,0.5413867096,0.6045860423,0.5085489999,0.5876591557,9711507.44842345,0.0
2020-04-22,0.5811660898,0.7069636403,0.5696207927,0.6916009159,18828399.5228331,0.0
2020-04-23,0.6853471696,0.6980770003,0.6003218391,0.6274571798,13485271.0516431,0.0
2020-04-24,0.6240211719,0.6710200125,0.6139411114,0.6342422206,9064190.2668448,0.0
2020-04-25,0.6305280581,0.6709482817,0.6215474074,0.6433293014,7311904.72226874,0.0
2020-04-26,0.6532150353,0.6914993917,0.6311705801,0.6355063436,8320760.35681435,0.0
2020-04-27,0.635713807,0.6602826397,0.5610275238,0.5723718951,7406934.10853669,0.0
2020-04-28,0.5782527305,0.6921475105,0.568483718,0.6612925152,7470201.22321632,0.0
2020-04-29,0.6622856379,0.7777712931,0.6552737167,0.7458404098,8801144.47969972,0.0
2020-04-30,0.7471945371,0.8008164793,0.6878805251,0.691045421,5016891.64140768,0.0
2020-05-01,0.691045421,0.7370712885,0.6859027031,0.7287939694,4164272.07175221,0.0
2020-05-02,0.7272676035,0.7489807989,0.7079035373,0.7158764119,3441355.73678965,0.0
2020-05-03,0.7147957537,0.7298005162,0.6566156226,0.6795345711,3328343.6073183,0.0
2020-05-04,0.6796251716,0.7058124705,0.6184336064,0.6674907704,3443697.81828111,0.0
2020-05-05,0.6734404569,0.6862142074,0.6264988113,0.641837363,2847469.34149937,0.0
2020-05-06,0.6424541881,0.6738908201,0.6225835989,0.6225835989,2677562.97435084,0.0
2020-05-07,0.6225835989,0.6322677674,0.573375617,0.6129779573,3355830.23580211,0.0
2020-05-08,0.6129779573,0.6366183682,0.5898517861,0.6049221211,2488194.57299153,0.0
2020-05-09,0.6040415005,0.6254292371,0.58844783,0.6045273913,2128502.76121917,0.0
2020-05-10,0.60446073,0.6123031827,0.5130808729,0.5370339116,2327580.79632425,0.0
2020-05-11,0.5362550065,0.5718601481,0.5051936368,0.5152727853,2098480.82876321,0.0
2020-05-12,0.5133905279,0.5597585692,0.5052511938,0.5385756503,2198624.8775544,0.0
2020-05-13,0.5383715697,0.5648742321,0.5180383004,0.5505316574,2326445.52977927,0.0
2020-05-14,0.5505316574,0.5809456821,0.550109684,0.5691176101,2047896.7931676,0.0
2020-05-15,0.5691933572,0.5746195946,0.5470931421,0.5597520245,1850070.45437919,0.0
2020-05-16,0.5589808885,0.606534222,0.554360781,0.5991202733,2300409.14570367,0.0
2020-05-17,0.5952282799,0.6401958735,0.5891751252,0.6129888072,2936428.44886882,0.0
2020-05-18,0.6126824126,0.6743934855,0.6096490425,0.6526701697,3314358.53130945,0.0
2020-05-19,0.6509743602,0.6544803689,0.6112481094,0.6244542651,2380263.04324887,0.0
2020-05-20,0.622475105,0.6266558209,0.5752826524,0.5791556672,2302926.39702093,0.0
2020-05-21,0.579691537,0.6137893251,0.5433456184,0.6089153241,2863016.80167901,0.0
2020-05-22,0.6052387149,0.6764319609,0.5828297183,0.6388750705,3411419.38179332,0.0
2020-05-23,0.6374146219,0.6388488741,0.5882473187,0.6130314105,2638523.84936932,0.0
2020-05-24,0.6132888674,0.6132888674,0.5484318754,0.5490530853,2786816.20172933,0.0
2020-05-25,0.5485702014,0.6501379931,0.5380636579,0.6008572754,4509580.33947343,0.0
2020-05-26,0.5991043499,0.612353062,0.5664632151,0.5733066603,2689697.32362274,0.0
2020-05-27,0.5733066603,0.6110868484,0.5714434198,0.590984627,2536915.55918301,0.0
2020-05-28,0.5908836269,0.5923976798,0.5669477763,0.5751554634,2662787.87087333,0.0
2020-05-29,0.5746987796,0.5934052024,0.5668584166,0.5794154082,2066857.45404741,0.0
2020-05-30,0.5813550692,0.6024892675,0.5670501017,0.587932798,2449094.83912943,0.0
2020-05-31,0.5879027376,0.5939974967,0.5692446625,0.5700220201,1892967.09044357,0.0
2020-06-01,0.5734723598,0.5878388887,0.5673479381,0.5774951567,2159877.15931313,0.0
2020-06-02,0.5771421787,0.5897246572,0.5522943664,0.5646694332,1295757.46418593,9741011.2562594
2020-06-03,0.5646694332,0.591025168,0.56446123,0.5866206217,877446.184522142,10119647.9354345
2020-06-04,0.5868672541,0.5916400389,0.5645175516,0.5872994935,901641.251808101,10131321.1400611
2020-06-05,0.5872994935,0.6982792965,0.5779251645,0.6611546424,4322091.65471632,11405328.7385824
2020-06-06,0.6610714948,0.6616187891,0.6117805673,0.6224426952,1604055.15722887,10737481.2006963
2020-06-07,0.6224426952,0.6244438619,0.5933979634,0.6165778544,716785.469365787,10636269.8312904
2020-06-08,0.61507796,0.6790013999,0.6133101865,0.6683130657,1440233.8242528,11528696.0984937
2020-06-09,0.6677842346,0.6680881726,0.6272423148,0.6580024982,988327.438893434,11350793.5069779
2020-06-10,0.658038317,0.6700430922,0.6334042611,0.644866659,1096203.32551522,11124151.4035966
2020-06-11,0.6448884109,0.650534979,0.5700824935,0.5737415957,1122221.18826251,9897183.58341088
2020-06-12,0.5740587991,0.6046532481,0.5699204007,0.593868974,940323.239000038,10244352.3859345
2020-06-13,0.593947639,0.6114392133,0.5854854607,0.6089432866,764756.553388664,10504345.5146756
2020-06-14,0.6109266271,0.6182584339,0.5808994344,0.587076585,873415.751115423,10127117.7365674
2020-06-15,0.5883729519,0.5918974303,0.5472869934,0.5706391362,942666.189719777,9843524.99494113
2020-06-16,0.5705786948,0.5898283447,0.5686890962,0.5855762628,652020.104651764,10101141.4390675
2020-06-17,0.5854967277,0.5901288907,0.5651168169,0.5815619708,673274.193458797,10031846.4524466
2020-06-18,0.5815823911,0.6503086133,0.5792852087,0.6209560963,1349341.26909908,10711334.8299096
2020-06-19,0.6224065957,0.8363984814,0.6203838163,0.6843317386,6577470.95547564,11804490.7995105
2020-06-20,0.6825227645,0.6885834719,0.625625722,0.6435912904,1714405.29578048,11101677.8613918
2020-06-21,0.6461345107,0.7485415841,0.6368803642,0.6731492006,2238347.1863849,11611481.9990937
2020-06-22,0.6725773761,0.7431130962,0.6458773883,0.726847852,1620387.87401448,12537695.5906935
2020-06-23,0.7267726893,0.7606327261,0.7007119736,0.7082967549,1327340.25336353,12217638.9889378
2020-06-24,0.7085297278,0.8006916026,0.6935010965,0.7369938769,2769053.65582756,12712583.3849433
2020-06-25,0.7370998719,0.7567046474,0.6992403991,0.7131935883,1751581.2295456,12301987.5415512
2020-06-26,0.7125312683,0.7519919383,0.6815319452,0.7411443363,1664662.318395,12784052.9001166
2020-06-27,0.7395968625,0.7522113948,0.675838229,0.7135480362,1681428.02669551,12307979.1957079
2020-06-28,0.7135480362,0.8439765007,0.6870949194,0.7984952689,3412582.28723085,13773165.2227317
2020-06-29,0.7984952689,0.885339207,0.7700086031,0.8524542403,2147790.97814405,14703824.7067831
2020-06-30,0.853022446,1.0291762972,0.850103876,0.860093981,3887548.37229807,14835525.1298039
2020-07-01,0.8633639638,0.9017150754,0.8209265187,0.8326415701,1772559.84133893,14361930.621951
2020-07-02,0.8321159672,0.8371266395,0.7536675782,0.7802190183,1749581.47684417,13457643.8789028
2020-07-03,0.7820357344,0.7860349886,0.7551128796,0.7680930463,1144958.29683634,13248409.5564903
2020-07-04,0.7679409535,0.8231551403,0.7614507636,0.7803716825,1644301.45065498,13460110.8038221
2020-07-05,0.7801012256,0.7855474402,0.642635456,0.691663563,3799016.31678145,11929965.7302922
2020-07-06,0.691663563,0.7210455412,0.6865804049,0.7079080102,1120773.259312,12210072.8690639
2020-07-07,0.7078578575,0.7808926671,0.7019216042,0.753047993,1700040.66085723,12988566.0151594
2020-07-08,0.753047993,0.8275228899,0.7434114823,0.7967134,2220222.72711344,13741613.2737162
2020-07-09,0.7940179716,0.8823577201,0.7599057164,0.8534530473,2668723.50625663,14720152.3853897
2020-07-10,0.8533037238,0.9396294291,0.8428498045,0.9135595927,1856094.87383758,15756747.8792219
2020-07-11,0.9135595927,0.9263473014,0.859094947,0.9246242455,1788814.0647145,15947475.7511162
2020-07-12,0.9238560634,1.1309782125,0.9141171063,1.0167159585,4693370.50719829,17535715.8229986
2020-07-13,1.0167159585,1.2876625404,1.008884329,1.175734102,4062068.74661056,20278237.5664092
2020-07-14,1.1724756189,1.2460057862,1.1191661656,1.1480745421,2213135.15016517,19801055.4914822
2020-07-15,1.1475232798,1.3968347053,1.1414575574,1.2895980969,3355229.32708245,22241796.9042963
2020-07-16,1.2840388782,1.3749670775,0.8550437226,0.8724413774,7486567.81431637,15046966.0262034
2020-07-17,0.8707610942,1.0468418785,0.8018844273,0.977837416,8973774.36468872,16864618.7937719
2020-07-18,0.9775154481,1.0007162492,0.9317262896,0.9665834956,2923007.17734355,16670417.2869211
2020-07-19,0.9680040892,0.9703541474,0.8995154359,0.9203494876,2206671.01567458,15872927.8675157
2020-07-20,0.9205151968,0.9215838947,0.8518778801,0.873089429,3036870.91981545,15057755.3103182
2020-07-21,0.8729279865,1.0082536516,0.8603158688,0.9771657172,4299502.33510521,16852602.2014576
2020-07-22,0.9771979561,1.1047035089,0.9724847533,1.0440872525,5295001.98436419,18006642.2008208
2020-07-23,1.0461550093,1.10121768,0.9973940848,1.0498435789,2970423.1250175,18105795.7974271
2020-07-24,1.0498435789,1.0539536708,0.9747797093,0.9953455032,1991763.30860784,17165794.8003885
2020-07-25,0.9954404758,1.4327404741,0.995397298,1.2522228542,9978279.43748358,21595764.5736461
2020-07-26,1.2447281293,1.6246480121,1.2382832885,1.5651096946,10463129.600325,26991607.0561782
2020-07-27,1.5650978505,2.0427395416,1.5610869348,1.7786355018,32838354.7073633,30673811.3399836
2020-07-28,1.7841105086,1.8586721686,1.6117686242,1.7840672328,9692632.1660337,30767254.4661293
2020-07-29,1.7856619474,2.0956222621,1.5931664867,1.6582894819,10348944.5267619,28597942.6143557
2020-07-30,1.6582894819,1.7964490756,1.6357119142,1.6868071033,5222980.07636029,29089539.6606279
2020-07-31,1.6868071033,1.6884881442,1.5104049495,1.5381776554,4822046.26693321,26526190.853226
2020-08-01,1.5327589175,1.6622289167,1.4988720501,1.5266096403,4589882.24595131,26326510.4083857
2020-08-02,1.5299097878,1.746822822,1.4119729018,1.7428103498,7216576.38811606,30054693.6113815
2020-08-03,1.7322900834,1.830034343,1.668725882,1.8026109836,5836036.43502209,31085735.0137577
2020-08-04,1.8000120162,1.9498753591,1.7949842008,1.8716388581,5495664.99847303,32275884.1492363
2020-08-05,1.8707357761,1.8881222215,1.7095089892,1.7545498159,5405764.40284623,30256505.6597196
2020-08-06,1.7545498159,2.2280030837,1.7467834404,2.2063483273,11143557.0707687,38047323.8161723
2020-08-07,2.2031656604,2.2031656604,1.8855724385,2.0859026353,8068101.90171604,35970036.8564279
2020-08-08,2.0838893527,2.5695897667,2.0265381706,2.4736248549,10919229.1805999,42655747.4961301
2020-08-09,2.4715557912,2.7068228056,2.3025011775,2.6652275038,12107836.8570546,45959454.0071939
2020-08-10,2.6652275038,3.397928851,2.5258977789,3.1317933021,22863250.6335323,54004593.6510801
2020-08-11,3.1310423538,3.4865346222,2.7536339253,3.3034192974,36356155.1835573,56963799.6073747
2020-08-12,3.3079578477,3.9161678412,3.1039786229,3.769750913,28461706.5886889,65004787.9204578
2020-08-13,3.7707031095,4.1558137393,3.5285196285,3.7559711571,28236179.4181239,64766752.6195916
2020-08-14,3.760167945,3.7899966741,3.3326543173,3.4093876608,18427949.9772839,99684620.8277296
2020-08-15,3.4125551299,3.7199446436,3.1654645924,3.1837948871,13155762.3719706,93088676.8213831
2020-08-16,3.1854060049,3.4706875882,3.1386879011,3.3856527737,10395312.8169568,98990653.6220894
2020-08-17,3.3856527737,3.3859986027,3.087985369,3.0986077086,10723918.7652425,90597950.4986745
2020-08-18,3.1044691232,3.7099107158,2.8944138509,3.329975918,30350144.9435501,103607422.825354
2020-08-19,3.3286959627,3.483863211,2.8381083557,2.8990406106,14838388.9157821,91286346.3844131
2020-08-20,2.8990406106,3.4318430109,2.896235885,3.2082670433,13756478.1507016,101023083.037279
2020-08-21,3.2097175852,3.2232895991,2.9137710266,2.9436683663,11796735.6331521,92690989.2578399
2020-08-22,2.9453077453,3.1948652107,2.7573269666,3.0208864428,10296804.8195696,95122114.0144119
2020-08-23,3.0208633212,3.4034150223,3.0188381053,3.3224310635,11991402.1639282,104616816.094793
2020-08-24,3.3122215159,3.6075394637,3.2244306713,3.3449860527,15785207.7166973,106162865.723266
2020-08-25,3.3496639062,3.3582474652,3.027719405,3.2648499809,13444308.062981,103619131.980434
2020-08-26,3.2660412485,3.795323592,3.1943108214,3.5583753134,22147431.4936826,113824141.563725
2020-08-27,3.5578442862,3.8547059595,3.2922138796,3.445060334,21031356.3229519,111060306.36774
2020-08-28,3.4524946514,4.3095927988,3.4472810384,4.0113925268,27212887.5047479,130085569.491252
2020-08-29,4.014216282,4.105241339,3.7871122249,3.9688093889,14585964.4266973,128704139.655732
2020-08-30,3.970010943,4.7050052243,3.9191323259,4.4358225588,22220238.7965161,143848364.09318
2020-08-31,4.4216788227,4.8729408997,4.1096813069,4.7820455179,20950150.2193332,155135267.461776
2020-09-01,4.7810502139,4.9447308529,4.3445159129,4.3445159129,16944926.9392703,142029235.639603
2020-09-02,4.3526933897,4.3559394592,3.7051639934,4.1644718409,23655802.3133022,137185056.897479
2020-09-03,4.1687724798,4.4408144434,3.527339855,3.527339855,26473633.5627635,117631513.488068
2020-09-04,3.5233900279,3.8341037395,3.1988942785,3.5457944842,17729340.0425555,119132915.465114
2020-09-05,3.5509844551,3.6602444939,2.1916749563,2.5979163647,25062204.6506355,87285369.2146955
2020-09-06,2.6003167758,3.1756373077,2.2881912589,3.086042693,20375889.8797486,103685156.764957
2020-09-07,3.0860842934,3.1895601229,2.391492756,2.9285280901,17135013.476324,99856838.0760455
2020-09-08,2.9276292289,2.9397363346,2.3986406226,2.4689767582,10163724.6032389,84805195.3148526
2020-09-09,2.4711781185,3.7517156829,2.3898060913,3.6363777965,52354542.078401,125895646.215421
2020-09-10,3.6363777965,3.8513085618,3.3208089027,3.4698368119,31177874.7930509,120996908.90366
2020-09-11,3.4673354004,3.5010127523,3.0401710435,3.4274282632,17090627.4630998,120434613.072138
2020-09-12,3.4191019919,3.4670521723,3.1507268168,3.3326599913,10368518.3648969,117103942.771464
2020-09-13,3.3363805814,3.4667815313,3.0054016931,3.2258390602,15316353.1818696,113349810.373631
2020-09-14,3.231525518,3.524934341,3.0941740513,3.2691332042,21301450.1011828,118987736.46406
2020-09-15,3.2691332042,3.3200671245,2.918472624,2.9391206713,11992537.7843944,107710516.414547
2020-09-16,2.9393074297,2.9393074297,2.4538387192,2.5453987727,24199803.5835456,93917562.6875188
2020-09-17,2.5453987727,2.9341024459,2.3700338192,2.8918737832,23792219.5131179,107424214.43618
2020-09-18,2.8918737832,3.159316565,2.7416758717,3.1079400641,23510207.0958752,116227097.944417
2020-09-19,3.1117468638,3.2534204148,2.9717038069,3.0288911796,10763972.5896187,113270346.303239
2020-09-20,3.0310284828,3.03287675,2.7201381368,2.8709033938,9217295.41412604,107361555.128177
2020-09-21,2.8709033938,3.0269397477,2.5004193035,2.7825094148,19492893.6246122,104757856.3029
2020-09-22,2.7736877405,2.9943702542,2.6686027119,2.915519109,18556523.3857526,110493813.334531
2020-09-23,2.93035489,3.06533837,2.74630293,2.83675707,16096650.33028028,107545200.18238471
2020-09-24,2.8381205,3.25156306,2.79564658,3.13271463,18993325.64791849,118764707.79699808
2020-09-25,3.14554425,3.2651654,2.91177164,3.18861239,15935143.49283597,122206478.07352893
2020-09-26,3.18803034,3.20390555,3.04126653,3.13470267,11018474.88090908,121440587.25937828
2020-09-27,3.13383751,3.17349913,3.01055105,3.15294678,9734367.88069845,123455190.65342163
2020-09-28,3.15270485,3.20419115,2.93595445,2.95667817,10950200.85069037,116996606.06382905
2020-09-29,2.95836068,3.01009535,2.9017903,2.94643322,8821253.14791489,117872307.03014542
2020-09-30,2.94907405,2.97934849,2.83566951,2.89787636,7767702.10929252,117178459.57132548
2020-10-01,2.89816187,2.98583389,2.65739801,2.86102773,10825966.25721191,116403066.95333205
2020-10-02,2.86419729,2.87663497,2.45779116,2.62608296,15856538.99496961,107500110.50109477
2020-10-03,2.62733511,2.66949457,2.5473028,2.5473028,6155890.57867446,104274635.61227962
2020-10-04,2.54301234,2.58803611,2.42888892,2.51599459,7075729.47763526,104250459.1504476
2020-10-05,2.5191348,2.66262353,2.46732033,2.65764391,8105684.0286038,110119117.58235022
2020-10-06,2.65519989,2.65519989,2.14769193,2.17625031,9739070.719841,90716350.09490736
2020-10-07,2.17580888,2.39193728,2.09576005,2.29179581,11759752.04495923,96678235.2477901
2020-10-08,2.29998163,2.43061025,2.02852581,2.36522028,14931921.70481354,100368606.7828738
2020-10-09,2.36774234,2.62526821,2.31709043,2.53985887,12002959.23561284,107778851.91582133
2020-10-10,2.53693313,2.59409546,2.40317166,2.40608988,8842883.98002147,102101819.79891624
2020-10-11,2.40736736,2.45756612,2.34492143,2.42657824,7170646.66388414,102970675.76628862
2020-10-12,2.42611451,2.69863904,2.41586194,2.58707246,12289968.79120837,109780567.40641767
2020-10-13,2.58489141,2.58489141,2.34817094,2.40491019,11415736.61057108,104488549.19119287
2020-10-14,2.40819629,2.4366138,2.24625651,2.31463525,9436238.75624435,100565804.44055878
2020-10-15,2.31480004,2.33579578,2.20341796,2.26643616,8332482.58866874,98642537.62742521
2020-10-16,2.26520031,2.2656708,2.12792144,2.1493861,13637728.05365193,93547686.544544
2020-10-17,2.14563569,2.23830479,2.13240858,2.20184324,6612611.78386479,95830287.75166795
2020-10-18,2.20274967,2.24884625,2.17832695,2.21426738,6294162.16574452,96370525.3833067
2020-10-19,2.21337207,2.21351195,2.05321062,2.05807954,8248860.30237032,89572373.35173108
2020-10-20,2.05810177,2.09786117,1.85415368,1.88867176,13129043.07033953,82671092.68542057
2020-10-21,1.88861172,2.06620621,1.86123476,1.89037825,19275509.45257168,82745351.05974524
2020-10-22,1.89037216,2.08243359,1.88981692,1.95565252,11445662.79336236,86579897.07269996
2020-10-23,1.95706771,1.98477147,1.8533095,1.96003515,11497444.71334744,87263476.2003648
2020-10-24,1.96003515,1.96165021,1.88234354,1.91182801,7581827.29356544,85116777.84839806
2020-10-25,1.91182801,1.92294152,1.76864379,1.78745942,9092333.67184322,80026191.61112621
2020-10-26,1.78745942,1.86298989,1.62936547,1.68546625,13396735.95349503,76302194.43703932
2020-10-27,1.68546624,1.74540288,1.60528662,1.71023239,14384427.42623876,78274491.4004513
2020-10-28,1.71023239,1.71902702,1.39457221,1.49005343,17089719.31755684,68228554.8641858
2020-10-29,1.49005346,1.56689179,1.41242636,1.42893639,8024137.80398694,65429707.3741233
2020-10-30,1.42893639,1.46731855,1.34221311,1.44133589,8528335.71424465,65997124.65947093
2020-10-31,1.44133589,1.54932692,1.4298941,1.54069959,6449388.39066769,70546511.16326353
2020-11-01,1.54069959,1.63790251,1.5135429,1.5998403,6877556.68110791,73254104.4517357
2020-11-02,1.5998403,1.63017961,1.46769542,1.47407225,6366346.26428922,67496510.0918503
2020-11-03,1.47407225,1.48050074,1.41218556,1.41223396,6536977.27806969,64772687.2743289
2020-11-04,1.41223396,1.41289802,1.28186754,1.39225494,11406316.03373677,63882412.77078965
2020-11-05,1.39225494,1.48617047,1.30382463,1.40521805,8924131.52401733,64476759.51742544
2020-11-06,1.40521805,1.94070665,1.4000105,1.91374,22547497.1265051,87809005.86384876
2020-11-07,1.91374,2.48136883,1.8448312,2.03196386,51426099.67867579,93232781.91859989
2020-11-08,2.03196386,2.26477908,1.97440202,2.15659813,25931043.04138239,98950578.49222584
2020-11-09,2.15659813,2.18931332,1.95875292,2.02865216,18210625.97270338,93091959.13931833
2020-11-10,2.02865214,2.30798752,2.01232067,2.247987,16170833.13282796,103163301.09022862
2020-11-11,2.24798704,2.28414065,1.97416514,2.0021245,13877948.92652378,91879509.07207444
2020-11-12,2.0021245,2.05029785,1.83172821,1.89913759,11506047.76935046,87162760.83472751
2020-11-13,1.89913758,2.06111583,1.89913758,2.02079216,11621743.54314562,92772231.89432384
2020-11-14,2.02079216,2.03349056,1.8752786,1.91701557,8134592.54731619,88007184.07888201
2020-11-15,1.91701557,2.20905889,1.91684762,2.04323394,18621333.34008639,93803903.71451163
2020-11-16,2.04323394,2.36021108,1.99485284,2.25535545,22156135.17364347,103541326.05497044
2020-11-17,2.28108028,2.31818626,2.13258981,2.20218147,17074174.95712231,101100127.91945642
2020-11-18,2.20218147,2.20592249,2.01269296,2.11502872,14629648.08989412,97099240.81477468
2020-11-19,2.11502868,2.17502241,2.01816579,2.07676865,10155987.37439732,95341921.8742907
2020-11-20,2.07676865,2.23039141,2.05697179,2.09539164,11113989.73661238,96196099.98011884
2020-11-21,2.09539164,2.49882755,2.04852394,2.38220531,20288343.21897211,109362384.71981557
2020-11-22,2.38220531,2.40382123,2.05393793,2.14484477,16416064.59893532,98697801.14056186
2020-11-23,2.14484476,2.3515985,2.12031471,2.27637688,15487339.47782299,104749492.89621204
2020-11-24,2.27724054,2.46638443,2.14379452,2.26796698,25036626.13313538,104362814.63683279
2020-11-25,2.26948514,2.47758651,2.18277698,2.27003407,24870950.92877138,104457114.39952429
2020-11-26,2.26653371,2.29170177,1.74149279,1.90303693,33038222.89347182,87568856.71760666
2020-11-27,1.90333468,1.97065316,1.78036344,1.85794881,13307808.36500391,85493469.70235132
2020-11-28,1.85982503,1.93971542,1.81071037,1.88893452,11661882.95615155,86918647.19802547
2020-11-29,1.8879127,1.94388507,1.85722661,1.9151547,6139511.34519798,88124520.17567424
2020-11-30,1.91514202,2.01359128,1.91193024,1.96689116,8716571.16727617,90995987.14086118
2020-12-01,1.96832128,2.13034079,1.93226448,1.97630826,12847022.37823892,91432079.46291865
2020-12-02,1.97726604,2.18743712,1.95669982,2.11540134,15849828.20530223,97869064.60978007
2020-12-03,2.11711685,2.22130954,2.08502961,2.10037052,18106121.72298748,97172886.1917887
2020-12-04,2.09860247,2.1120709,1.84734502,1.85595318,9019864.15038828,85864512.07327235
2020-12-05,1.85596843,1.98072151,1.82549378,1.9787738,7750781.04480337,91545972.56905606
2020-12-06,1.97865844,1.98389847,1.81585445,1.85424895,7167229.51269223,85784205.38624497
2020-12-07,1.8534511,1.89568762,1.80948486,1.83117262,6425070.48803734,84715589.08777982
2020-12-08,1.83122209,1.83158113,1.64510584,1.66535169,11304051.0777088,77043677.15978801
2020-12-09,1.66462243,1.67427719,1.50367604,1.6623035,10461119.21820986,76902163.1339451
2020-12-10,1.66241416,1.66513513,1.54524047,1.57415052,6167983.16893835,72823506.21677381
2020-12-11,1.57236639,1.57670934,1.44060217,1.44458505,8273918.34951755,66829092.5972278
2020-12-12,1.44158958,1.53742939,1.44070645,1.4909121,7085230.83583667,68971785.3475111
2020-12-13,1.4907147,1.64291571,1.45811848,1.56545586,8389349.11124252,72419789.50182986
2020-12-14,1.56796842,1.62286872,1.52369835,1.5916455,8672051.95648215,74028444.08998717
2020-12-15,1.59103004,1.79941298,1.58926257,1.76067126,19470079.53119814,81994577.6015241
2020-12-16,1.76009215,1.78758439,1.61001834,1.78359783,18277631.04446976,83062058.57573813
2020-12-17,1.78389234,1.80312043,1.65521696,1.67863414,15461476.78402026,78173905.05369893
2020-12-18,1.67902372,1.70632716,1.63698718,1.69879993,7879396.90612472,79113024.8625208
2020-12-19,1.69926697,1.76425374,1.66426344,1.66865052,9095045.00474692,77708968.04744972
2020-12-20,1.67071446,1.68443034,1.52771357,1.56357617,9093229.49751807,72815661.41874595
2020-12-21,1.56377465,1.61832646,1.49515066,1.5419152,8333991.44150289,71806910.82416688
2020-12-22,1.53960926,1.57408037,1.47448471,1.49028596,11066564.74357854,69402539.96365425
2020-12-23,1.49022047,1.51058483,1.09016138,1.20569231,16776307.03794223,56149028.28607881
2020-12-24,1.20770464,1.38366788,1.17300697,1.3624084,9236938.50803516,63447288.3597502
2020-12-25,1.36149641,1.45292425,1.34723574,1.44540315,9359548.53228497,67312349.7325568
2020-12-26,1.44601353,1.44751724,1.31342435,1.3242381,6798656.31848622,61669699.53591306
2020-12-27,1.32507424,1.40874461,1.26825036,1.30304194,12286531.39847335,60682595.60513945
2020-12-28,1.30399327,1.51703752,1.29434876,1.5156849,12668149.81727901,70585367.3110688
2020-12-29,1.51546171,1.72758155,1.43971994,1.67434488,26355258.83179235,77974154.25075531
2020-12-30,1.66969419,1.68079114,1.52983347,1.53545722,12663615.73809283,71506163.4013444
2020-12-31,1.53560627,1.5506101,1.430263,1.51089796,12763259.56854011,70362439.69813043
2021-01-01,1.50977505,1.8596563,1.50203819,1.84208404,25722549.3360078,85785758.3765321
2021-01-02,1.84558571,1.98929513,1.72148226,1.79927479,31671063.53777906,83792133.53884292
2021-01-03,1.79990169,2.36498131,1.79990169,2.16175192,55073422.17629275,100672674.81180388
2021-01-04,2.16241208,2.48509738,1.87634191,2.48509738,59955404.84149402,115730856.18599205
2021-01-05,2.49098205,2.5026164,2.07774168,2.15721704,50555207.03513643,100461485.67073816
2021-01-06,2.15962593,2.18589242,1.90758532,1.92921661,50263975.12932488,89843517.7485024
2021-01-07,1.93658582,2.61183107,1.93304323,2.37274497,159870278.0790676,621424746.010265
2021-01-08,2.36873958,3.77931969,2.18092864,3.21988746,206412154.2447589,843292264.8894571
2021-01-09,3.22354051,3.66278779,2.93830706,3.38538175,91906875.463772,886634795.6661285
2021-01-10,3.39002648,3.73355136,3.19623456,3.46611077,62766977.35528041,907777180.2929407
2021-01-11,3.46106454,3.5135707,2.59712418,3.10808978,82877500.0255444,814011024.9712354
2021-01-12,3.10368771,3.84441586,3.08003501,3.61339822,73484689.24275579,946351027.8924447
2021-01-13,3.62838265,3.62882465,3.2749211,3.51378151,57994892.73472413,920261107.1923414
2021-01-14,3.51603553,3.54286624,3.18197394,3.27816427,59283112.21846475,858551672.4562432
2021-01-15,3.28039932,3.4359218,2.9851908,3.25016139,45331738.74819012,851217713.3260541
2021-01-16,3.24893408,3.70323219,3.24893408,3.44705468,68035606.39281899,902784093.5852139
2021-01-17,3.43486962,3.96537224,3.31974552,3.8181391,85407766.18917261,999971153.1283689
2021-01-18,3.82213112,4.14791988,3.65576095,3.79551495,70601712.76708774,994045884.346998
2021-01-19,3.79204335,4.03144938,3.60902285,3.64186566,44547767.96672326,953805116.1144048
2021-01-20,3.63557521,3.73700272,3.34408399,3.72357809,46698656.44529995,975205611.5935848
2021-01-21,3.72166979,3.73432626,2.98269599,2.9905359,43834764.53989141,783221762.9250783
2021-01-22,2.98991993,3.49714626,2.5409861,3.34622852,63361382.17557853,876377707.1253955
2021-01-23,3.34103533,3.59730162,3.31576248,3.50411155,27904470.4262182,917727296.3438644
2021-01-24,3.50710975,3.79304897,3.48949442,3.63441116,32747555.29721828,951852779.9072751
2021-01-25,3.63464538,3.97435677,3.45130995,3.69998081,80055958.4917865,969025482.0935649
2021-01-26,3.69895927,4.09691637,3.68263202,4.04734996,78823455.81544667,1060001508.1579953
2021-01-27,4.04863024,4.04863024,3.53160203,3.69058715,35195110.46414343,966565279.876813
2021-01-28,3.68637,3.9434911,3.60988056,3.82207194,31410526.72,1001001163.69
2021-01-29,3.86158092,3.89260163,3.63938585,3.83467598,44053151.39,1004302164.53
2021-01-30,3.83768176,4.31197598,3.77410389,4.22427558,53378197.61,1106338354.04
2021-01-31,4.23731385,4.78701008,4.17049821,4.26414404,78376266.82,1116779908.67
2021-02-01,4.26125135,4.61160184,4.11825506,4.61160184,39361628.64,1207779152.91
2021-02-02,4.6137412,5.40364154,4.48011942,5.2675076,98755961.8,1379560961.34
2021-02-03,5.24659151,5.78078094,5.07273844,5.71598986,49386326.92,1497018527.39
2021-02-04,5.7317481,6.53101104,5.60323641,6.42606479,108249481.51,1682987249.18
2021-02-05,6.43536976,7.12711657,6.42644747,6.6817203,92892157.08,1749943462.85
2021-02-06,6.68730089,6.79913067,5.71382828,6.11080668,102365493.54,1600421106.69
2021-02-07,6.11764462,6.87151352,5.76859219,6.70046276,105451102.52,1754852114.11
2021-02-08,6.70244728,8.05593329,6.4889284,7.8832496,155254260.78,2064624150.36
2021-02-09,7.8697953,8.46778443,7.57021459,7.81679279,121037872.69,2047219103.37
2021-02-10,7.8185524,9.07260413,7.61384712,9.07221406,120679901.64,2376014106.0
2021-02-11,9.08035651,9.70700402,8.76131606,9.21535212,53600047.53,2413501984.01
2021-02-12,9.21479001,9.92445233,9.07901215,9.24701198,91484663.66,2421793705.08
2021-02-13,9.23603303,9.49903879,8.68300856,8.73245491,91417967.69,2287031137.29
2021-02-14,8.74298943,9.2203002,8.5597149,8.73889575,93500422.71,2288717994.71
2021-02-15,8.72426582,9.31063831,7.84047064,8.8617388,109854634.59,2320890605.34
2021-02-16,8.86074792,8.98036803,7.98355724,8.29786719,71625204.52,2173212553.93
2021-02-17,8.29868913,8.43329825,7.54439928,8.22257719,89948577.67,2153494092.55
2021-02-18,8.23287085,9.27917537,8.23287085,8.98045215,77306770.4,2351981649.26
2021-02-19,8.97997007,11.68057695,8.5569807,11.46565287,261175710.73,3002856056.82
2021-02-20,11.47808705,11.78673714,9.81585439,10.00266398,140264809.98,2619699067.57
2021-02-21,9.98755024,11.64028854,9.88704665,11.08551283,137742366.13,2903297329.61
2021-02-22,11.07303597,14.5456406,9.25590402,14.45478487,574136240.77,3785710139.32
2021-02-23,14.42162567,15.74337116,11.59989436,15.20153822,485252846.29,3981284942.91
2021-02-24,15.2138421,18.14662172,14.86179947,17.30270709,375439706.61,4531581356.7
2021-02-25,17.23018337,17.69544462,13.79591349,13.81601413,364505275.74,3618415994.75
2021-02-26,13.86589069,15.48370533,13.12014142,13.58794089,289687328.45,3558683580.88
2021-02-27,13.60157446,14.6120646,13.0572728,13.20116764,247640939.78,3457387613.23
2021-02-28,13.20776666,13.77901631,11.48998276,13.08924694,300493226.01,3428075566.66
2021-03-01,13.10843535,15.51605721,13.05738542,14.95558764,306451693.03,3916870452.47
2021-03-02,14.96684488,15.22412493,13.46074941,13.95892139,178549851.5,3655843423.75
2021-03-03,13.96353988,14.72935857,13.76704854,14.11559058,153830742.14,3696875106.78
2021-03-04,14.09486709,14.26036093,12.77126993,13.09798332,116364465.82,3430363626.99
2021-03-05,13.06630579,13.07986249,12.18460827,12.61044281,90978408.01,3302676699.19
2021-03-06,12.56993741,13.27048096,11.90122772,13.03645795,118851546.1,3414250123.37
2021-03-07,13.04392705,13.99690288,12.72638542,13.87773227,117548176.21,3634579982.53
2021-03-08,13.8268153,13.87082582,13.08228903,13.60218776,115525658.69,3562414837.47
2021-03-09,13.61529099,14.98644427,13.32018701,14.84631098,134867043.68,3948141942.62
2021-03-10,14.85092886,15.18793776,14.07906427,14.23108356,103150900.84,3792593486.06
2021-03-11,14.21983747,16.23939925,13.70422614,15.99227934,229272515.6,4270242447.66
2021-03-12,16.02091887,16.48579592,14.11122934,14.552142,185287456.96,3887447694.38
2021-03-13,14.56380277,15.39439844,13.92005572,15.30880274,145102757.4,4089578510.15
2021-03-14,15.30158118,15.34983211,14.37876449,14.50826599,90232803.5,3875721099.27
2021-03-15,14.47712718,14.79047269,13.69805655,14.18666194,102600691.55,3791467510.82
2021-03-16,14.16391157,14.28289603,13.229815,13.62277289,112303590.08,3640763691.35
2021-03-17,13.634964,14.26679703,13.13052874,14.22020281,94696338.79,3799767226.99
2021-03-18,14.21067697,14.74547686,13.82728428,14.23002516,79074262.62,3804064053.67
2021-03-19,14.23265017,14.48821877,13.93245789,14.20479642,68715211.03,3797317088.79
2021-03-20,14.19582599,14.97821822,14.15204483,14.21198148,68049682.97,3801139605.26
2021-03-21,14.21832785,14.36572264,13.66825372,14.33220593,64229338.03,3833292242.99
2021-03-22,14.35027814,16.59987282,14.20288587,14.91929305,260995136.25,3990311752.96
2021-03-23,14.84861937,15.2437087,14.09705679,14.20483076,106780661.98,3801136715.71
2021-03-24,14.19039605,15.37143084,13.66129764,13.66129764,118813690.26,3649871266.4
2021-03-25,13.65058628,13.70525009,12.61472537,13.02508469,116277942.87,3479892566.63
2021-03-26,13.01952768,14.80429436,12.37045803,14.77942113,149987319.22,3950586428.46
2021-03-27,14.78624602,16.80416436,14.75804617,16.50832188,223872586.73,4425303443.32
2021-03-28,16.47942327,19.38600611,16.34500899,18.01623371,426120062.11,4829519370.48
2021-03-29,18.08330268,18.98784228,17.70036375,18.85480803,216748600.52,5056832100.48
2021-03-30,18.89140274,20.86947517,18.89140274,19.2339251,264028426.63,5158507265.85
2021-03-31,19.10168383,19.79580246,18.15625631,19.46522941,206011017.73,5220539301.49
2021-04-01,19.41568124,20.3615394,18.84424514,19.08490113,173731885.57,5121089267.43
2021-04-02,19.08463141,19.82457274,18.568419,19.81022269,131061659.84,5312121531.63
2021-04-03,19.79645158,23.827189,19.78944967,22.55227712,483057739.57,6047400068.45
2021-04-04,22.52737075,25.56953325,22.21296864,24.06132316,426557980.35,6455269614.1
2021-04-05,23.92883933,24.7776371,22.80645173,22.98428282,264085329.41,6166314086.86
2021-04-06,22.97784134,25.34652466,21.87661417,24.95714641,320886934.82,6695596353.77
2021-04-07,25.14556002,27.48761542,23.08935918,26.47807994,676846221.32,7107155850.83
2021-04-08,26.51459375,27.97001131,25.72493627,27.03398715,377988327.49,7256370566.76
2021-04-09,26.98580398,29.01473425,26.90382587,27.77827443,282477938.07,7456149619.5
2021-04-10,27.64971179,28.25796994,25.96322662,26.84140371,270235257.75,7247692203.54
2021-04-11,26.80805019,28.68722768,25.57831877,27.9318899,232938762.18,7542139623.2
2021-04-12,27.91836766,29.86230248,26.84274156,28.51212449,308804545.9,7698811332.92
2021-04-13,28.54101244,28.79794156,26.41760298,27.43555345,258183912.26,7408116848.38
2021-04-14,27.4000051,27.48269178,24.79202053,26.47511075,342565805.3,7148779204.5
2021-04-15,26.43684327,28.24940016,25.53941458,27.81831384,221346738.91,7511469370.13
2021-04-16,27.82032255,28.22687963,24.97291816,25.39736605,240665351.49,6857767811.72
2021-04-17,25.36920612,26.81976653,25.09987446,25.09987446,201720375.63,6777439470.22
2021-04-18,25.13550181,32.90256908,21.5392092,32.30291905,1155150688.03,8722397354.82
2021-04-19,32.33952237,36.08025911,29.92590848,31.67589453,1219130981.38,8553088910.08
2021-04-20,31.4762886,32.69721814,28.93257221,31.77005352,793008154.45,8578513611.25
2021-04-21,31.68153748,35.00430246,30.1674914,32.5130438,729130140.56,8779134999.57
2021-04-22,32.68343072,40.97186247,31.60069045,38.87975927,1638622970.85,10498268248.37
2021-04-23,38.89918232,41.46325941,31.66427002,36.97842065,1612232268.31,9984870962.27
2021-04-24,37.25749642,43.53222132,34.68329376,40.73731561,1101380795.06,10993246510.76
2021-04-25,40.84547073,48.43426663,40.51201668,47.3676269,1583800799.69,12782467830.77
2021-04-26,47.54185509,48.31078375,43.37172735,43.97651543,1357487872.14,11867353941.86
2021-04-27,43.89356993,46.54860972,42.55732682,43.2390029,904891996.11,11674627043.11
2021-04-28,43.16144021,46.91656515,40.67207182,44.82598502,1021154320.38,12103108334.92
2021-04-29,44.84995016,46.07149061,40.95098379,42.46054046,772259306.98,11470583798.14
2021-04-30,42.5000457,44.27015223,41.24350335,42.95600088,534976437.19,11604419645.43
2021-05-01,42.8933369,49.84457903,42.03086492,49.50802136,859524422.56,13490574630.96
2021-05-02,49.50080424,49.89667224,45.98182211,46.89098709,571072187.45,12784244033.41
2021-05-03,46.90397832,49.00945447,45.04447696,45.93368941,609194251.88,12523242921.18
2021-05-04,45.9833604,47.75715794,42.31310399,42.7295562,682976428.41,11649676283.04
2021-05-05,42.63723596,45.9277921,42.31573602,44.92357516,503781974.7,12247847970.24
2021-05-06,44.97405216,44.97405216,42.59158516,43.45567555,391497017.92,11847643595.56
2021-05-07,43.50265476,46.05956397,41.43837305,43.15501855,514344600.94,11765673243.42
2021-05-08,43.15206692,46.63902655,42.29801778,45.56153042,451056654.56,12421778450.87
2021-05-09,45.61763117,47.1212139,43.29694489,44.33019564,510603311.56,12086070502.0
2021-05-10,44.34209297,45.87750147,39.55884763,42.9096342,499528075.74,11698772287.18
2021-05-11,42.87227262,45.15120191,39.76296959,44.57746773,473731332.64,12153486129.98
2021-05-12,44.59152554,48.97903539,42.45731054,42.45731054,1151668075.96,11575451927.3
2021-05-13,43.23508348,45.41709923,37.52689336,40.99785093,1016860656.29,11177548615.05
2021-05-14,41.03451854,44.79143686,39.9860526,42.71786492,504167711.24,11646488803.58
2021-05-15,42.69994585,45.39178963,39.3746057,43.46130814,500445721.9,11849179250.7
2021-05-16,43.40169344,52.50135077,41.91549761,47.20082674,1990976771.49,12868711981.4
2021-05-17,46.89802269,51.87603133,43.30291605,46.86320579,1951921365.76,12776663874.1
2021-05-18,46.66041775,58.30292665,46.18755746,55.91096029,2025388218.69,15243420387.39
2021-05-19,56.08925681,57.52577199,29.42985979,35.10718335,2772224998.89,9571532158.07
2021-05-20,35.04304516,51.25844794,32.31814122,44.74274669,2487748626.09,12198547360.64
2021-05-21,44.44725253,47.64559102,33.83739606,38.81285182,1769762028.27,10581836075.92
2021-05-22,38.98837859,40.00957894,31.2548617,31.31558234,1078751750.8,8537799811.16
2021-05-23,31.22576685,32.43626905,19.13983901,24.6887481,1925832341.42,6731076772.71
2021-05-24,24.49832001,32.09444973,24.49832001,31.28357082,1346786022.77,8529072274.79
2021-05-25,31.39634748,33.13012834,26.10007356,29.99707775,909470304.61,8178326112.58
2021-05-26,30.04799113,37.23763519,29.00855511,35.53981588,1069991364.89,9689483978.48
2021-05-27,35.48244751,35.52704866,31.12712917,33.58459127,649389057.89,9156416571.33
2021-05-28,33.67552514,34.50250599,28.06714391,29.0392767,600255581.78,7917193696.93
2021-05-29,29.00313033,30.02233806,25.75094018,27.37642132,376859866.34,7463837084.79
2021-05-30,27.40831498,29.74925499,25.65029323,28.60265892,359661703.65,7798155350.85
2021-05-31,28.60424137,32.9835909,27.52474505,32.81624582,534826504.42,8946936842.81
2021-06-01,32.7708869,33.28991653,29.88017323,30.9852604,432053117.17,8447741686.96
2021-06-02,30.93523785,35.03815395,30.43285658,33.95631637,497567417.82,9257762745.02
2021-06-03,34.01871593,41.14537983,33.79223169,39.47090699,960056106.14,10761246544.92
2021-06-04,39.58130434,39.60986377,34.31090061,37.41507138,1056279506.22,10200748812.85
2021-06-05,37.41737934,42.82267205,37.09911074,39.58540119,1112426663.75,10792461951.31
2021-06-06,39.74912492,43.37719402,38.96399696,42.30837824,794387364.26,11534847407.96
2021-06-07,42.25367912,44.10055822,38.0908398,38.2623335,923157613.83,10431744177.47
2021-06-08,38.25126869,42.47828958,33.6854604,41.51781354,1786996802.01,11319309882.19
2021-06-09,41.27979305,43.9975669,39.36863503,42.03177788,1218831040.77,11459435796.76
2021-06-10,42.02403536,43.00490804,39.59678412,41.09867281,595246689.49,11205036430.93
2021-06-11,41.11015538,41.31248445,35.31117152,36.0460873,518666602.77,9827512516.02
2021-06-12,36.1643526,37.61422297,34.31815742,36.44168945,549070417.12,9935368468.58
2021-06-13,36.51470765,39.35997513,34.78298953,38.77043536,452988674.4,10570271763.77
2021-06-14,38.70452013,40.47652225,36.81413418,38.71305293,477871462.95,10554627165.2
2021-06-15,40.53583999,41.75867325,39.43581269,41.15364704,605285143.4,11220024464.76
2021-06-16,39.54534903,41.49630734,37.50349898,39.70361677,576016901.76,10824691940.44
2021-06-17,39.68927099,41.23743184,38.28608315,39.26459349,417775599.91,10704997763.63
2021-06-18,39.26678549,39.4271292,35.00401695,36.64879726,424163368.82,9991833808.98
2021-06-19,36.81910554,37.35458704,34.98160715,35.35343464,264640750.32,9638669476.32
2021-06-20,35.23702572,35.92838763,31.36209393,35.32201165,452587531.23,9630102393.55
2021-06-21,35.26143549,35.49761474,25.94907889,26.65740024,760344541.01,7267805027.63
2021-06-22,26.59283132,28.71296813,20.38044415,26.77185571,1258580061.1,7299009872.97
2021-06-23,26.91294172,32.77296182,25.69648454,30.04888728,1111302686.63,8192451330.05
2021-06-24,30.84607842,32.9913104,28.54838485,31.18103477,641150364.16,8501117109.74
2021-06-25,31.16853053,32.90251437,28.03508047,28.69886234,632052177.4,7824384002.14
2021-06-26,28.60789755,30.00703599,26.71081442,29.7128554,560342710.32,8100836462.86
2021-06-27,29.75264012,31.92939059,29.27119729,31.92939059,497353287.91,8705146914.45
2021-06-28,31.88082998,34.243226,31.03512722,32.92778164,473612134.61,8977345683.28
2021-06-29,33.00978597,35.78857772,32.72668303,33.86680149,471854279.1,9233357637.53
2021-06-30,33.96297243,35.95472226,31.60135067,35.55640607,570984167.9,9694007086.14
2021-07-01,35.50565339,35.53819144,32.38627423,33.40403357,474665320.76,9107189782.04
2021-07-02,33.30630993,34.03178588,31.47992402,34.02048201,440298779.57,9275256700.08
2021-07-03,34.01557504,35.40477019,33.29847492,34.47881569,327019963.78,9400215615.43
2021-07-04,34.49511721,35.50237168,33.55573709,34.31060133,303420519.91,9354354086.58
2021-07-05,34.28255049,34.46182386,32.48269155,32.98458751,313839322.49,8992833088.02
2021-07-06,32.93030657,34.97831874,32.93030657,34.26913971,365336040.07,9343050096.63
2021-07-07,34.23280872,38.01170251,33.8420286,36.59137132,519252659.09,9976177348.95
2021-07-08,36.71971967,36.91528293,32.80227442,33.20372567,498201256.92,9052578353.24
2021-07-09,33.13433066,34.38794777,31.99104934,33.26464805,327170629.42,9069188074.96
2021-07-10,33.31843861,34.14048811,31.1867849,31.78864522,296566656.79,8666774458.41
2021-07-11,31.69303936,32.53633636,31.41175747,32.17784263,211679809.75,8772884240.23
2021-07-12,32.17339032,32.64405405,30.07420199,30.84808787,221058993.41,8410343322.64
2021-07-13,30.78640318,31.0937043,28.91860697,29.1211904,197825361.82,7939526439.05
2021-07-14,29.14269326,31.43533941,27.51570271,31.2809995,331866434.17,8528371236.2
2021-07-15,31.36070058,31.48340459,28.00840336,28.45210132,329918375.91,7757107711.86
2021-07-16,28.54906687,29.44220391,26.22880983,26.37000949,374718328.01,7189451552.23
2021-07-17,26.25412319,27.69698762,26.04067015,26.72166752,289689475.47,7285326694.55
2021-07-18,26.78417044,27.73356371,26.36097844,26.75191045,230336396.49,7293572047.71
2021-07-19,26.67123978,26.72174643,24.01224546,24.44757672,361915410.33,6665324427.36
2021-07-20,24.51030084,24.97560298,22.17754202,23.48955525,413439963.38,6404131917.0
2021-07-21,23.44345616,27.4164984,22.86536953,26.62308016,555770206.31,7258448090.07
2021-07-22,26.6653233,28.13598961,25.95221041,27.70208136,364666998.0,7552624200.1
2021-07-23,27.70650938,28.69061111,26.42571057,28.51387887,407955236.65,7773950586.67
2021-07-24,28.51790106,29.50779875,28.06863672,28.70262049,353750758.31,7825408614.85
2021-07-25,28.64940046,28.87297766,26.52855298,28.16877357,309208018.29,7679861962.98
2021-07-26,28.22702597,31.05401743,27.90379807,28.30664179,743673802.34,7717450000.29
2021-07-27,28.21049784,28.95267222,27.00543136,28.06532582,375599550.33,7651658236.06
2021-07-28,28.14564068,28.74695401,27.41233256,27.81541072,315682626.11,7583522025.52
2021-07-29,27.87797477,31.88614786,27.37243885,31.28113829,448009570.77,8528409074.04
2021-07-30,31.27541627,33.05512829,30.06767347,32.39394324,617830199.25,8831801353.86
2021-07-31,32.35328637,36.86826003,31.68321896,36.82731292,587168180.52,10040503857.97
2021-08-01,36.67912471,36.71991417,33.28300391,34.25436021,490639931.31,9339020650.69
2021-08-02,34.19056231,35.91239515,33.06065238,33.22241921,407399691.38,9057674911.36
2021-08-03,33.19142448,35.83309271,32.40266204,33.9964386,474629269.4,9268701566.69
2021-08-04,34.10835591,36.65247862,33.2731824,35.76362676,413657601.83,9750503201.21
2021-08-05,35.77197714,38.20886815,35.53385458,37.35513717,595137193.11,10184408504.33
2021-08-06,37.35535954,40.38808552,35.68829327,39.44610368,589190671.39,10754484235.02
2021-08-07,39.4923033,40.50587905,37.62660424,39.40347201,534979916.29,10742861246.16
2021-08-08,39.46590615,39.5332923,36.93557596,37.67382443,358570314.83,10271294579.9
2021-08-09,37.66049484,40.00484239,36.48117133,38.76778341,377034585.33,10569548742.83
2021-08-10,38.67880934,41.66090654,38.22317131,40.63979678,452480699.44,11079929651.03
2021-08-11,40.64894236,43.73913829,40.62823927,41.74411545,507980107.35,11872222934.38
2021-08-12,41.70451241,43.40190871,39.38155697,41.09936341,527833803.7,11689996880.35
2021-08-13,41.1143672,44.90052398,40.72161747,44.89450053,541894525.01,12769451326.05
2021-08-14,44.8514272,44.87123772,42.93765973,44.11285246,363834257.49,12629306462.57
2021-08-15,44.14995466,54.62954974,43.45000899,53.74515986,1448656563.85,15386975520.95
2021-08-16,53.54114994,68.82236916,52.46584946,62.43246289,3799339365.34,17874089307.34
2021-08-17,62.11533038,74.88926069,58.98133261,64.21070516,4043742154.18,18392377588.0
2021-08-18,64.16835272,80.11990739,60.26971559,72.54331343,4507409621.92,20779131388.78
2021-08-19,72.83855984,75.09242338,68.61049582,72.75760565,2467398203.42,20840771192.88
2021-08-20,72.74890235,79.99000421,70.93728935,78.72461856,1844455899.05,22561143908.43
2021-08-21,78.6989265,81.81377468,72.69692804,73.75620815,1513097170.74,21137257123.5
2021-08-22,73.86833628,77.48115707,71.553948,72.8039136,968933848.51,20875322466.34
2021-08-23,72.7694083,76.70533219,71.68075002,75.70803566,1372134245.41,21708006369.5
2021-08-24,75.78017434,79.3709481,68.61979211,70.67090268,2153611667.43,20541377499.51
2021-08-25,70.67995912,72.70286789,66.22276622,71.95156795,1551240766.49,20923790993.99
2021-08-26,71.97343624,78.0552067,66.26456011,75.3162099,2713050537.96,21902216867.74
2021-08-27,74.81178086,88.85428063,72.71512752,88.08698571,3263988285.78,25615973857.46
2021-08-28,88.00001639,97.84294658,85.79064332,96.7031728,2580080502.92,28135310599.42
2021-08-29,96.56397009,97.777874,90.99362306,94.46967029,1830344091.1,27485451270.32
2021-08-30,94.34486938,116.85022975,94.03771552,110.54480616,5274104165.4,32162385737.82
2021-08-31,109.75614736,130.0146119,103.35130101,108.48376884,7590894022.05,31578154528.76
2021-09-01,107.4444793,119.53011132,106.27081737,111.03300412,3974443896.04,32279142628.13
2021-09-02,110.73124183,131.96188994,109.65261772,128.10239236,5074399603.16,37259468690.41
2021-09-03,128.38908176,148.83417919,128.38908176,146.58305168,7526373836.99,42693513644.54
2021-09-04,146.41840613,150.42855958,136.44954736,139.11306214,3970422964.08,40517769039.13
2021-09-05,138.99014216,144.99785751,135.07996353,142.07087706,2996918104.87,41399255561.46
2021-09-06,142.06281902,165.87874506,138.03820846,164.3809209,5774090688.36,47900300587.91
2021-09-07,164.18368058,194.81970151,133.10025255,173.14892871,17068643415.98,50680710099.99
2021-09-08,173.27856467,197.98901925,147.99118468,191.04139002,13187213606.22,55944567503.59
2021-09-09,209.47079301,214.95718552,181.44587833,188.19579358,12676272744.01,55154395897.84
2021-09-10,187.61280113,196.94519074,168.69081884,179.86522803,7087524572.21,52738113947.81
2021-09-11,179.36622912,193.4056049,175.56540993,178.86787702,5367389009.73,52475356326.26
2021-09-12,179.23015873,181.568249,170.58459747,174.53762157,3012633093.73,51204891389.06
2021-09-13,174.41845897,174.9318728381,150.97441415,169.2695504949,6437530449.36,49682465101.01
2021-09-14,169.7745204185,171.3011647932,143.5531162621,158.094812744,5799758794.22,46905809822.7
2021-09-15,158.4154372746,166.1752928766,154.2395461304,159.1173831812,3908939772.47,47209150397.35
2021-09-16,158.8072770888,163.122836953,147.6532790202,152.4740533076,3215168471.67,45259139924.99
2021-09-17,152.3514430001,153.4449300519,135.2452167333,147.59306974,4675731485.32,43810237550.64
2021-09-18,147.4487620108,171.1427807804,144.3922582953,169.1842226072,5415012910.47,50219084923.96
2021-09-19,169.2263314235,170.6521120223,151.2509832353,152.5166971972,3350530307.68,45292491129.39
2021-09-20,152.7944802383,153.3876679079,131.2610266672,132.134466234,5623667249.62,39239569157.84
2021-09-21,132.7623134439,144.468449218,116.3432036854,123.9503920507,5243953819.45,36826034434.14
2021-09-22,124.1774527015,150.9415082149,122.3491619361,147.9242615068,4952222858.98,43948674199.42
2021-09-23,148.0551631719,152.3649925646,143.2012711497,149.7535713854,3389212043.71,44498459172.56
2021-09-24,149.9354721315,151.2018991664,128.8013098338,139.3956404566,3852350632.01,41439741431.76
2021-09-25,139.2965599056,144.0725566412,134.1077605448,136.178927749,2037106948.63,40483409213.9
2021-09-26,136.2161575037,140.7817783109,125.11542667,135.6993762431,2674182808.76,40359412132.89
2021-09-27,135.9313634987,148.4978337842,133.9842797056,136.7284312615,2867246888.12,40665406680.26
2021-09-28,136.5089122895,139.2943511936,128.2448233646,131.5372113463,2422542860.99,39121381241.42
2021-09-29,132.3385236126,140.0381731327,131.2336819326,135.3514508784,2428105039.64,40274326399.43
2021-09-30,135.4128955083,142.8531720417,134.3132582789,141.06904455,2244376110.09,41975552359.31
2021-10-01,141.3829162862,164.7375430245,138.4369378247,161.6823720767,4387488319.89,48133442239.45
2021-10-02,161.5943875445,174.9006960287,156.3223482767,169.0930197849,3471658581.61,50362758463.23
2021-10-03,169.1137136075,176.9703317313,166.0700134809,172.5891589166,3149579954.08,51403969858.99
2021-10-04,172.9616171323,172.9616171323,162.7733375205,166.7319129674,3109040100.42,49659370563.36
2021-10-05,166.9949621814,169.9793733157,160.5931586428,164.1158280332,2541087419.2,48902559643.88
2021-10-06,164.6051973193,165.3619877625,150.7683769149,154.1077478394,3259712886.76,45922341980.28
2021-10-07,153.9611557359,161.3629887506,150.5420318179,154.2811953007,2579187255.81,45995023049.22
2021-10-08,154.2565518061,168.8463737765,152.7557693244,158.9492063189,2781848649.82,47593592988.14
2021-10-09,158.7047001419,161.4073206977,154.8697895225,156.8258370326,1522023823.9,46957713349.71
2021-10-10,156.7519211266,158.3615759984,146.8982403368,148.0487124306,1556965340.96,44350090749.45
2021-10-11,147.8004478892,153.9211411433,140.3639719689,144.8581404787,1851795187.08,43418344986.26
2021-10-12,145.0076607131,153.2639713922,137.8115658786,152.7371185712,2853992440.28,45806350192.39
2021-10-13,152.5239291266,155.3479890582,144.4078715745,148.1760345865,2105226551.13,44438380256.27
2021-10-14,148.0172659471,155.3297408659,147.3309370464,149.7568061256,1948101207.59,44950465986.4
2021-10-15,150.0466014651,165.1222058333,146.9848279301,162.5962098262,3970589002.83,48823235027.52
2021-10-16,163.0070342305,164.7137184252,156.7375582532,157.5388167576,1531502794.96,47304541726.99
2021-10-17,157.4635549581,167.4259881907,154.0903507591,159.7437977507,2168838138.18,47991515199.99
2021-10-18,159.9974865496,162.8562731476,155.0302318833,157.2312709128,1698878759.32,47254003671.84
2021-10-19,157.2102079997,159.4058614269,153.2210095351,156.0170317125,1400902548.44,46912067427.29
2021-10-20,155.8833939374,176.4406756637,155.1998474949,175.9468707403,3315306825.49,52904574749.84
2021-10-21,176.7655535105,193.5991485817,176.7655535105,190.3184365058,6865815461.45,57226164606.39
2021-10-22,190.454890463,214.0444499241,188.273616541,196.4315352,7486821305.52,59091364718.46
2021-10-23,196.3004696124,205.6698697199,192.5627547051,197.7038513661,3253670285.69,59473993982.71
2021-10-24,197.9731130835,204.7191063322,185.572441469,202.3619831407,3413057377.52,60902871289.69
2021-10-25,202.3164890462,218.7318834509,198.2024335227,210.1042931598,4837376169.15,63232871503.93
2021-10-26,209.5316437409,213.9828710011,197.4866440882,199.8072567092,3194205751.56,60161132950.26
2021-10-27,199.8744874928,205.4047421311,178.7308614555,183.7745991002,4552692841.85,55333662363.87
2021-10-28,184.5157057275,201.0453565091,182.2175299122,194.863984537,3463958628.24,58672510570.23
2021-10-29,194.9064314701,204.8966127235,194.9064314701,200.182747168,2468703579.0,60301394603.67
2021-10-30,200.2257298034,200.3862244358,187.8165803365,195.4160579354,1732207667.31,58865399787.94
2021-10-31,195.7737660677,205.1633802628,186.062989678,202.4210134083,2577364485.82,61003141449.57
2021-11-01,202.6292116026,211.3608469168,198.2389708419,203.5450843659,3157612663.38,61255124966.6
2021-11-02,203.5179214339,222.2330257283,201.1803935304,220.2395873664,3020087232.15,66278399298.22
2021-11-03,221.0767495977,246.3215358513,216.1961966259,242.8988145026,6024951132.42,73130864696.12
2021-11-04,243.0978052115,250.4663372822,235.1508811242,247.3877778365,4440296289.58,74482231057.97
2021-11-05,247.2709367217,248.3839151614,231.1608047595,236.4743343693,2752870912.52,71196323358.43
2021-11-06,236.4927530586,260.0621175974,235.2899670063,258.9343120927,3869779682.79,77993805663.19
2021-11-07,258.7815682936,258.8500987536,246.1224274245,249.8234829541,2624869522.47,75574730064.5
2021-11-08,249.9792678805,253.2541747738,241.1401332255,248.4671783625,3344410176.09,75198457438.49
2021-11-09,248.3568409074,253.1798306793,237.8952873789,239.2131383873,2819309492.23,72397587680.03
2021-11-10,239.1337451971,247.947041432,218.3885541433,233.7795185005,3873202097.64,70752977716.34
2021-11-11,233.9139897011,246.4471918955,229.7485257285,234.2407495987,2693456861.98,70963380125.26
2021-11-12,233.7212746984,238.6956797845,221.2529516239,228.5020970422,3022054714.32,69224723049.23
2021-11-13,228.5962494334,241.8250245783,225.0759282287,241.8250245783,2322796264.93,73293750860.85
2021-11-14,241.8621076311,242.0448854624,230.6894038627,238.4255237066,1705211599.76,72293544193.72
2021-11-15,238.7314050357,245.9760983866,235.0991040594,237.553601846,2414551003.2,72029066275.99
2021-11-16,238.4971511308,238.4971511308,215.4420877623,219.2390336095,3557977024.44,66531928023.89
2021-11-17,219.2956328443,222.0288392401,210.0269415885,218.7152397948,2982505238.8,66373496997.63
2021-11-18,218.8755833395,222.8769395003,187.6731277287,195.4874107966,3911214657.72,59331802493.28
2021-11-19,195.0662826876,219.3670634581,189.7501678005,215.2800202934,3431624914.2,65368257587.92
2021-11-20,215.4069128421,221.4453370922,206.2858655932,218.0152752134,2003638941.05,66198655325.79
2021-11-21,217.7840243223,235.2309138161,210.8097372678,231.2826289441,2636480460.22,70258708496.89
2021-11-22,230.9896334112,231.9048213687,212.0300833625,215.7372763887,3254258844.49,65536232117.61
2021-11-23,215.8429594526,226.0617322341,211.3122316681,221.8369039027,2328763768.31,67389034177.97
2021-11-24,221.8606176503,222.4592717417,200.5026033994,214.9215416929,2293934141.62,65288283323.63
2021-11-25,205.8861673746,216.4005137532,202.3234142719,206.2529962028,2586718626.87,62683039784.88
2021-11-26,210.0482860793,210.5045795578,184.3282814912,191.5117488619,3380122748.03,58202794170.77
2021-11-27,192.2835720479,199.3649919459,191.040538233,193.1021593455,1443178832.96,58712372882.27
2021-11-28,193.2756017295,201.628702204,182.3724543588,200.6766486079,2033215941.23,61015258055.83
2021-11-29,200.8212717673,212.4458027384,199.9542952503,204.3193628183,2110532146.88,62150466026.05
2021-11-30,204.23294244,218.3393804254,200.0843326822,208.670985334,2888387657.07,63474034537.89
2021-12-01,208.393162369,232.3862129967,208.1522654246,229.7992342857,3532771294.16,70205130263.47
2021-12-02,229.8547007482,243.1116631924,220.3871721871,233.9930482677,4074103517.93,71518119084.14
2021-12-03,233.6018937163,239.1220957184,207.329771779,211.2243932239,4061060881.16,64558936438.34
2021-12-04,212.112381164,212.807534832,171.5535798554,201.1248371261,5949505664.69,61472001398.34
2021-12-05,200.7806029592,204.6174824669,182.016816475,196.1682596866,3402591974.54,59983315118.45
2021-12-06,196.547478612,197.6630289477,176.8880570033,194.1992226282,3693853028.05,59381122509.23
2021-12-07,194.2766006965,204.1185039303,188.2808114752,190.5969151093,2556849838.98,58553880777.85
2021-12-08,190.5050106494,196.3741100653,184.1327062997,194.62170358,2277446202.81,59816592761.11
2021-12-09,194.4832893085,196.6897480183,178.7921388771,181.1780889059,1968182103.95,55684626345.67
2021-12-10,181.467566632,184.6894218208,167.9548291428,167.9548291428,2118266395.93,51620385025.81
2021-12-11,167.9166196102,173.8984797674,161.8600076042,171.9494897549,1877844188.77,52899880536.66
2021-12-12,171.9483144519,176.6494079353,167.8612500156,173.4316648667,1196808539.97,53355770601.39
2021-12-13,173.0999312411,173.0999312411,148.5718217256,155.2130525552,2547597256.16,47750795299.2
2021-12-14,155.1416600259,161.6182722908,150.1179857027,153.3414386508,2604045117.1,47195656244.52
2021-12-15,161.3588974613,182.5131634367,157.6532129385,178.3407862663,3783787658.39,54891602839.72
2021-12-16,178.591541309,188.8787098312,174.4509751068,176.9546610788,2766320568.56,54464842600.88
2021-12-17,176.8949729767,182.3936306843,168.5187398529,175.5032945396,2711688386.35,54051400551.4
2021-12-18,175.656357615,184.3751810523,171.196563837,182.8351348412,1690397975.62,56309338311.97
2021-12-19,182.8509069468,189.2625378701,178.7550239046,180.0980518178,1678714066.28,55490684848.86
2021-12-20,179.9777356852,181.1532628745,168.6835185827,173.6717844915,1982986557.56,53549206661.84
2021-12-21,173.6943974002,182.4175072655,170.4906322137,180.0925523314,1821107817.59,55528846910.14
2021-12-22,179.8583394162,187.4734421276,177.4273415361,178.5971210226,1889229699.06,55091892244.03
2021-12-23,178.5027691935,193.2760397023,176.1164571114,190.0363190423,2191634326.35,58665132084.69
2021-12-24,190.1028623799,197.1577171295,185.0193785725,190.2731987762,2286837231.81,58757154429.9
2021-12-25,190.5315972467,195.1492300036,189.032225277,193.1209310406,1443209768.9,59662757325.28
2021-12-26,192.9205115057,200.6442018535,190.8236850856,198.0007279793,1971114647.24,61170181005.51
2021-12-27,197.8834091138,204.5785705624,195.1607972137,195.4294981464,1800094698.19,60402404760.01
2021-12-28,195.6216554502,195.6216554502,177.0403655937,177.4256227557,2826063568.47,54886552517.09
2021-12-29,177.3890451484,180.5907773364,170.4434126536,170.657559589,2175731145.71,52792756553.19
2021-12-30,170.7647837649,175.6911657676,168.3984819094,172.7511931436,1540637868.82,53463776631.16
2021-12-31,172.7038423419,177.3570431689,168.312074491,170.2990674147,1567918819.5,52704777818.62
2022-01-01,170.3108385232,178.9622459889,170.1955418902,178.5179405616,1084780602.67,55188725653.37
2022-01-02,178.5324156172,179.4323508491,175.0123163519,176.3828413184,995389409.2,54552495291.77
2022-01-03,176.3863054579,176.3863054579,167.5339795658,170.2977466191,1345778058.3,52670374804.04
2022-01-04,170.2861155421,173.7351066117,166.7401238688,167.938905513,1499265336.01,51940766392.62
2022-01-05,167.9403321338,171.1104610858,148.2161047063,155.0997327334,2123759720.64,47990806949.28
2022-01-06,155.1059211479,155.1059211479,146.6676618652,150.4313573187,2097172620.16,46546249337.82
2022-01-07,150.4134064842,150.5209536161,135.149998669,136.4028163729,2926269671.99,42449507269.48
2022-01-08,136.4001615591,147.8373059461,134.0210160986,142.5134564693,2730000333.42,44370497800.92
2022-01-09,142.5431170524,145.4404159674,138.3941011325,140.8390115356,1599123911.69,43849094270.11
2022-01-10,140.8336292858,143.5633626802,130.7969937487,135.9549436416,2040883379.4,42328403946.82
2022-01-11,135.9409091491,143.2990441907,134.1339765208,140.1838569277,1554197313.98,43687287951.14
2022-01-12,140.2037544554,152.9364801433,138.5462643797,151.7031046495,2242337549.56,47297750723.43
2022-01-13,151.6905971048,157.5437260525,146.0100424048,146.0100424048,2177023564.12,45522685149.78
2022-01-14,146.0259047398,150.4694894497,142.3906895832,146.1590329041,1822320950.75,45895557120.56
2022-01-15,146.180020558,149.3501902111,144.4191455729,147.8011778579,1123271783.98,46411116637.6
2022-01-16,147.7866078105,151.7723443022,146.4017864425,147.8565135597,1172854751.03,46428403266.76
2022-01-17,147.8767858629,148.2058779828,137.5000315312,139.9260081211,1487772250.02,43958119358.99
2022-01-18,139.9327739193,142.466486224,134.8958053052,141.587192391,1449435941.77,44479908451.96
2022-01-19,141.5469956019,142.294079224,133.3551758175,135.792387636,1444663455.81,42659386705.75
2022-01-20,135.7913331212,143.6174028988,127.1740441822,127.2052858747,984099352.02,40002152189.39
2022-01-21,127.3333352625,128.4328614968,107.9089990084,111.9660599145,3771688473.37,35215581863.4
